voltage,MF_a,MF_c,T_c,T_a,resis_ac,resis_cc,mf_h2,mf_h2o,mf_o2,por_a,por_c
1,0.0000000703,0.000000231,1073,1073,0.000003,0.000003,0.1,0.9,0.21,0.4,0.4
1.1,0.0000000703,0.000000231,1073,1073,0.000003,0.000003,0.1,0.9,0.21,0.4,0.4
1.2,0.0000000703,0.000000231,1073,1073,0.000003,0.000003,0.1,0.9,0.21,0.4,0.4
1.25,0.0000000703,0.000000231,1073,1073,0.000003,0.000003,0.1,0.9,0.21,0.4,0.4
