voltage,MF_a,MF_c,T_c,T_a,resis_ac,resis_cc,mf_h2,mf_h2o,mf_o2,por_a,por_c,current,max_temperature,min_temperature
1.0,7.03e-08,2.31e-07,1073,1073,3e-06,3e-06,0.1,0.9,0.21,0.35,0.35,894.673562523977,1063.42733348913,980.7440362480984
1.1,7.03e-08,2.31e-07,1073,1073,3e-06,3e-06,0.1,0.9,0.21,0.35,0.35,2064.924717800807,1058.585282271589,935.5613831184952
1.2,7.03e-08,2.31e-07,1073,1073,3e-06,3e-06,0.1,0.9,0.21,0.35,0.35,3476.15213956552,1061.616503724594,967.4296767904718
1.25,7.03e-08,2.31e-07,1073,1073,3e-06,3e-06,0.1,0.9,0.21,0.35,0.35,3921.275671420758,1067.513251115736,1022.879462799913
1.3,7.03e-08,2.31e-07,1073,1073,3e-06,3e-06,0.1,0.9,0.21,0.35,0.35,4172.228368624984,1091.767954795868,1075.093388892183
